RUN_ID,OBJ_TYPE,FAIL_TYPE,TRANSPORT_FAIL,SEARCH_FAIL,FETCH_FAIL,DELIVER_FAIL,PERCEPT_FAIL,NAV_FAIL,MANIP_FAIL,TIME_SEC,
,,,,,,,,,,,
,,,,,,,,,,,
0,,,,,,,,,,,
0,BOWL,SUM,1,0,1,0,0,27,44,0,
0,CUP,SUM,1,0,1,0,8,12,73,0,
0,SPOON,SUM,0,0,0,0,0,4,17,13.5400369167,
0,,SUM,2,0,2,0,8,43,134,13.5400369167,
0,,,,,,,,,,,
1,,,,,,,,,,,
1,BOWL,SUM,1,0,0,1,0,12,19,0,
1,CUP,SUM,1,0,1,0,0,56,70,0,
1,SPOON,SUM,0,0,0,0,0,3,8,10.8458399773,
1,,SUM,2,0,1,1,0,71,97,10.8458399773,
1,,,,,,,,,,,
2,,,,,,,,,,,
2,BOWL,SUM,1,0,1,0,0,81,40,0,
2,CUP,SUM,1,0,1,0,0,15,11,0,
2,SPOON,SUM,0,0,0,0,0,2,1,10.7030098438,
2,,SUM,2,0,2,0,0,98,52,10.7030098438,
2,,,,,,,,,,,
3,,,,,,,,,,,
3,BOWL,SUM,1,0,0,1,16,10,11,0,
3,CUP,SUM,0,0,0,0,0,2,8,6.3630301952,
3,SPOON,SUM,0,0,0,0,0,11,1,9.8828501701,
3,,SUM,1,0,0,1,16,23,20,16.2458803654,
3,,,,,,,,,,,
4,,,,,,,,,,,
4,BOWL,SUM,1,0,1,0,0,39,44,0,
4,CUP,SUM,1,0,1,0,8,29,11,0,
4,SPOON,SUM,0,0,0,0,0,1,5,10.8044281006,
4,,SUM,2,0,2,0,8,69,60,10.8044281006,
4,,,,,,,,,,,
5,,,,,,,,,,,
5,BOWL,SUM,0,0,0,0,0,1,4,7.7007250786,
5,CUP,SUM,0,0,0,0,0,2,7,6.077999115,
5,SPOON,SUM,1,0,1,0,0,343,0,0,
5,,SUM,1,0,1,0,0,346,11,13.7787241936,
5,,,,,,,,,,,
6,,,,,,,,,,,
6,BOWL,SUM,1,0,1,0,0,14,44,0,
6,CUP,SUM,0,0,0,0,0,3,4,4.4828810692,
6,SPOON,SUM,1,0,1,0,0,13,44,0,
6,,SUM,2,0,2,0,0,30,92,4.4828810692,
6,,,,,,,,,,,
7,,,,,,,,,,,
7,BOWL,SUM,1,0,1,0,0,8,44,0,
7,CUP,SUM,0,0,0,0,0,0,9,4.8672280312,
7,SPOON,SUM,1,0,1,0,0,21,44,0,
7,,SUM,2,0,2,0,0,29,97,4.8672280312,
7,,,,,,,,,,,
8,,,,,,,,,,,
8,BOWL,SUM,0,0,0,0,0,4,12,9.7791581154,
8,CUP,SUM,0,0,0,0,0,8,22,8.3392710686,
8,SPOON,SUM,0,0,0,0,0,2,1,10.1766781807,
8,,SUM,0,0,0,0,0,14,35,28.2951073647,
8,,,,,,,,,,,
9,,,,,,,,,,,
9,BOWL,SUM,0,0,0,0,0,9,20,10.2779750824,
9,CUP,SUM,0,0,0,0,0,4,9,5.6362390518,
9,SPOON,SUM,0,0,0,0,0,6,2,11.054901123,
9,,SUM,0,0,0,0,0,19,31,26.9691152573,
9,,,,,,,,,,,
10,,,,,,,,,,,
10,BOWL,SUM,1,0,1,0,0,5,44,0,
10,CUP,SUM,0,0,0,0,0,0,8,6.7623419762,
10,SPOON,SUM,0,0,0,0,0,14,3,11.8637588024,
10,,SUM,1,0,1,0,0,19,55,18.6261007786,
10,,,,,,,,,,,
11,,,,,,,,,,,
11,BOWL,SUM,1,0,1,0,0,21,44,0,
11,CUP,SUM,1,1,0,0,24,40,0,0,
11,SPOON,SUM,1,0,1,0,0,10,44,0,
11,,SUM,3,1,2,0,24,71,88,0,
11,,,,,,,,,,,
12,,,,,,,,,,,
12,BOWL,SUM,0,0,0,0,0,8,2,7.5895960331,
12,CUP,SUM,0,0,0,0,0,2,6,5.0006430149,
12,SPOON,SUM,0,0,0,0,0,5,1,10.3595590591,
12,,SUM,0,0,0,0,0,15,9,22.9497981071,
12,,,,,,,,,,,
13,,,,,,,,,,,
13,BOWL,SUM,1,0,1,0,0,15,44,0,
13,CUP,SUM,1,0,1,0,8,5,49,0,
13,SPOON,SUM,0,0,0,0,0,7,31,16.5712828636,
13,,SUM,2,0,2,0,8,27,124,16.5712828636,
13,,,,,,,,,,,
14,,,,,,,,,,,
14,BOWL,SUM,1,0,1,0,8,26,44,0,
14,CUP,SUM,0,0,0,0,16,2,5,12.0677399635,
14,SPOON,SUM,1,0,1,0,0,14,44,0,
14,,SUM,2,0,2,0,24,42,93,12.0677399635,
14,,,,,,,,,,,
15,,,,,,,,,,,
15,BOWL,SUM,0,0,0,0,24,10,29,20.9805870056,
15,CUP,SUM,1,0,1,0,0,9,33,0,
15,SPOON,SUM,1,0,1,0,0,10,44,0,
15,,SUM,2,0,2,0,24,29,106,20.9805870056,
15,,,,,,,,,,,
16,,,,,,,,,,,
16,BOWL,SUM,1,0,1,0,0,24,44,0,
16,CUP,SUM,0,0,0,0,0,0,38,10.8845748901,
16,SPOON,SUM,0,0,0,0,0,1,0,10.3752970695,
16,,SUM,1,0,1,0,0,25,82,21.2598719597,
16,,,,,,,,,,,
17,,,,,,,,,,,
17,BOWL,SUM,1,0,1,0,0,42,40,0,
17,CUP,SUM,0,0,0,0,0,5,3,4.9830751419,
17,SPOON,SUM,0,0,0,0,0,5,0,10.2711548805,
17,,SUM,1,0,1,0,0,52,43,15.2542300224,
17,,,,,,,,,,,
18,,,,,,,,,,,
18,BOWL,SUM,1,1,0,0,96,9,0,0,
18,CUP,SUM,1,0,1,0,0,12,33,0,
18,SPOON,SUM,0,0,0,0,0,4,4,11.0577030182,
18,,SUM,2,1,1,0,96,25,37,11.0577030182,
18,,,,,,,,,,,
19,,,,,,,,,,,
19,BOWL,SUM,1,0,1,0,0,15,44,0,
19,CUP,SUM,0,0,0,0,0,14,6,5.2752361298,
19,SPOON,SUM,0,0,0,0,8,3,9,16.3233239651,
19,,SUM,1,0,1,0,8,32,59,21.5985600948,
19,,,,,,,,,,,
20,,,,,,,,,,,
20,BOWL,SUM,1,0,1,0,0,6,44,0,
20,CUP,SUM,0,0,0,0,0,1,8,5.9818398952,
20,SPOON,SUM,1,0,1,0,0,34,44,0,
20,,SUM,2,0,2,0,0,41,96,5.9818398952,
20,,,,,,,,,,,
21,,,,,,,,,,,
21,BOWL,SUM,1,0,0,1,8,25,47,0,
21,CUP,SUM,0,0,0,0,0,7,29,8.9539978504,
21,SPOON,SUM,0,0,0,0,32,7,0,23.5252997875,
21,,SUM,1,0,0,1,40,39,76,32.4792976379,
21,,,,,,,,,,,
22,,,,,,,,,,,
22,BOWL,SUM,1,0,1,0,32,9,44,0,
22,CUP,SUM,1,0,1,0,0,41,30,0,
22,SPOON,SUM,0,0,0,0,0,2,0,10.1448099613,
22,,SUM,2,0,2,0,32,52,74,10.1448099613,
22,,,,,,,,,,,
23,,,,,,,,,,,
23,BOWL,SUM,1,0,1,0,8,36,40,0,
23,CUP,SUM,0,0,0,0,0,0,6,5.0217819214,
23,SPOON,SUM,0,0,0,0,0,1,0,9.9011011124,
23,,SUM,1,0,1,0,8,37,46,14.9228830338,
23,,,,,,,,,,,
24,,,,,,,,,,,
24,BOWL,SUM,1,0,0,1,0,2,19,0,
24,CUP,SUM,1,0,1,0,0,36,11,0,
24,SPOON,SUM,0,0,0,0,0,0,4,10.447026968,
24,,SUM,2,0,1,1,0,38,34,10.447026968,
24,,,,,,,,,,,
25,,,,,,,,,,,
25,BOWL,SUM,0,0,0,0,0,5,37,13.2130250931,
25,CUP,SUM,1,0,1,0,0,20,33,0,
25,SPOON,SUM,0,0,0,0,0,6,28,15.6164619923,
25,,SUM,1,0,1,0,0,31,98,28.8294870853,
25,,,,,,,,,,,
26,,,,,,,,,,,
26,BOWL,SUM,1,0,1,0,0,23,44,0,
26,CUP,SUM,0,0,0,0,0,7,10,8.5528209209,
26,SPOON,SUM,0,0,0,0,0,0,6,12.0918300152,
26,,SUM,1,0,1,0,0,30,60,20.6446509361,
26,,,,,,,,,,,
27,,,,,,,,,,,
27,BOWL,SUM,1,0,1,0,0,14,44,0,
27,CUP,SUM,0,0,0,0,0,1,4,5.0635719299,
27,SPOON,SUM,1,0,1,0,0,10,44,0,
27,,SUM,2,0,2,0,0,25,92,5.0635719299,
27,,,,,,,,,,,
28,,,,,,,,,,,
28,BOWL,SUM,1,0,0,1,0,3,11,0,
28,CUP,SUM,1,0,1,0,0,20,11,0,
28,SPOON,SUM,0,0,0,0,8,1,0,14.4542222023,
28,,SUM,2,0,1,1,8,24,22,14.4542222023,
28,,,,,,,,,,,
29,,,,,,,,,,,
29,BOWL,SUM,1,0,1,0,0,10,44,0,
29,CUP,SUM,1,0,1,0,8,10,81,0,
29,SPOON,SUM,1,0,1,0,0,6,44,0,
29,,SUM,3,0,3,0,8,26,169,0,
29,,,,,,,,,,,
30,,,,,,,,,,,
30,BOWL,SUM,0,0,0,0,0,0,4,8.610599041,
30,CUP,SUM,0,0,0,0,0,10,6,5.627518177,
30,SPOON,SUM,0,0,0,0,0,3,11,12.5609481335,
30,,SUM,0,0,0,0,0,13,21,26.7990653515,
30,,,,,,,,,,,
31,,,,,,,,,,,
31,BOWL,SUM,0,0,0,0,8,5,40,21.3496539593,
31,CUP,SUM,1,0,1,0,0,72,45,0,
31,SPOON,SUM,0,0,0,0,0,2,24,16.9121580124,
31,,SUM,1,0,1,0,8,79,109,38.2618119717,
31,,,,,,,,,,,
32,,,,,,,,,,,
32,BOWL,SUM,0,0,0,0,0,17,26,13.7097661495,
32,CUP,SUM,0,0,0,0,16,7,7,15.8343069553,
32,SPOON,SUM,1,0,1,0,0,10,44,0,
32,,SUM,1,0,1,0,16,34,77,29.5440731049,
32,,,,,,,,,,,
33,,,,,,,,,,,
33,BOWL,SUM,0,0,0,0,0,3,9,11.7265059948,
33,CUP,SUM,0,0,0,0,0,5,4,6.0797560215,
33,SPOON,SUM,0,0,0,0,8,7,34,22.4832179546,
33,,SUM,0,0,0,0,8,15,47,40.2894799709,
33,,,,,,,,,,,
34,,,,,,,,,,,
34,BOWL,SUM,0,0,0,0,0,11,10,9.5825929642,
34,CUP,SUM,0,0,0,0,0,1,7,7.2674689293,
34,SPOON,SUM,0,0,0,0,16,6,4,22.1296849251,
34,,SUM,0,0,0,0,16,18,21,38.9797468185,
34,,,,,,,,,,,
35,,,,,,,,,,,
35,BOWL,SUM,1,0,0,1,8,2,13,0,
35,CUP,SUM,1,0,1,0,8,16,33,0,
35,SPOON,SUM,0,0,0,0,0,0,1,11.4906909466,
35,,SUM,2,0,1,1,16,18,47,11.4906909466,
35,,,,,,,,,,,
36,,,,,,,,,,,
36,BOWL,SUM,1,0,1,0,0,26,44,0,
36,CUP,SUM,0,0,0,0,0,0,3,6.8225240707,
36,SPOON,SUM,1,0,1,0,0,11,44,0,
36,,SUM,2,0,2,0,0,37,91,6.8225240707,
36,,,,,,,,,,,
37,,,,,,,,,,,
37,BOWL,SUM,1,0,1,0,4,8,44,0,
37,CUP,SUM,0,0,0,0,0,2,6,7.3185169697,
37,SPOON,SUM,1,0,1,0,16,8,44,0,
37,,SUM,2,0,2,0,20,18,94,7.3185169697,
37,,,,,,,,,,,
38,,,,,,,,,,,
38,BOWL,SUM,1,0,1,0,0,10,44,0,
38,CUP,SUM,0,0,0,0,24,4,11,24.1062800884,
38,SPOON,SUM,1,0,1,0,0,15,44,0,
38,,SUM,2,0,2,0,24,29,99,24.1062800884,
38,,,,,,,,,,,
39,,,,,,,,,,,
39,BOWL,SUM,1,0,0,1,0,4,11,0,
39,CUP,SUM,0,0,0,0,8,64,12,38.4845230579,
39,SPOON,SUM,0,0,0,0,0,2,4,11.5273220539,
39,,SUM,1,0,0,1,8,70,27,50.0118451118,
39,,,,,,,,,,,
40,,,,,,,,,,,
40,BOWL,SUM,0,0,0,0,0,3,18,12.0510649681,
40,CUP,SUM,0,0,0,0,16,3,4,15.7503910065,
40,SPOON,SUM,1,1,0,0,8,71,0,0,
40,,SUM,1,1,0,0,24,77,22,27.8014559746,
40,,,,,,,,,,,
41,,,,,,,,,,,
41,BOWL,SUM,0,0,0,0,8,9,13,14.842140913,
41,CUP,SUM,1,0,1,0,12,13,11,0,
41,SPOON,SUM,0,0,0,0,48,6,12,45.0321519375,
41,,SUM,1,0,1,0,68,28,36,59.8742928505,
41,,,,,,,,,,,
42,,,,,,,,,,,
42,BOWL,SUM,1,0,0,1,32,9,11,0,
42,CUP,SUM,0,0,0,0,0,0,4,7.368407011,
42,SPOON,SUM,1,0,1,0,8,15,44,0,
42,,SUM,2,0,1,1,40,24,59,7.368407011,
42,,,,,,,,,,,
43,,,,,,,,,,,
43,BOWL,SUM,1,0,1,0,0,12,44,0,
43,CUP,SUM,0,0,0,0,0,0,6,6.9356291294,
43,SPOON,SUM,0,0,0,0,0,17,16,15.2582910061,
43,,SUM,1,0,1,0,0,29,66,22.1939201355,
43,,,,,,,,,,,
44,,,,,,,,,,,
44,BOWL,SUM,1,0,0,1,16,4,11,0,
44,CUP,SUM,0,0,0,0,0,3,9,8.5127358437,
44,SPOON,SUM,1,0,1,0,0,24,44,0,
44,,SUM,2,0,1,1,16,31,64,8.5127358437,
44,,,,,,,,,,,
45,,,,,,,,,,,
45,BOWL,SUM,0,0,0,0,0,0,8,12.8065440655,
45,CUP,SUM,0,0,0,0,0,3,4,7.3045499325,
45,SPOON,SUM,1,0,1,0,0,157,24,0,
45,,SUM,1,0,1,0,0,160,36,20.111093998,
45,,,,,,,,,,,
46,,,,,,,,,,,
46,BOWL,SUM,1,0,0,1,0,2,11,0,
46,CUP,SUM,1,1,0,0,8,71,0,0,
46,SPOON,SUM,1,0,1,0,56,13,44,0,
46,,SUM,3,1,1,1,64,86,55,0,
46,,,,,,,,,,,
47,,,,,,,,,,,
47,BOWL,SUM,1,0,1,0,0,26,44,0,
47,CUP,SUM,1,0,1,0,8,13,43,0,
47,SPOON,SUM,0,0,0,0,0,1,8,13.2460870743,
47,,SUM,2,0,2,0,8,40,95,13.2460870743,
47,,,,,,,,,,,
48,,,,,,,,,,,
48,BOWL,SUM,1,0,1,0,0,4,44,0,
48,CUP,SUM,1,0,1,0,0,10,33,0,
48,SPOON,SUM,1,1,0,0,8,41,0,0,
48,,SUM,3,1,2,0,8,55,77,0,
48,,,,,,,,,,,
49,,,,,,,,,,,
49,BOWL,SUM,0,0,0,0,0,2,14,12.1834981441,
49,CUP,SUM,0,0,0,0,0,3,28,11.2227091789,
49,SPOON,SUM,1,0,1,0,0,18,44,0,
49,,SUM,1,0,1,0,0,23,86,23.4062073231,
49,,,,,,,,,,,
50,,,,,,,,,,,
50,BOWL,SUM,1,0,1,0,8,9,44,0,
50,CUP,SUM,0,0,0,0,0,0,6,4.5915720463,
50,SPOON,SUM,0,0,0,0,0,7,29,15.854612112,
50,,SUM,1,0,1,0,8,16,79,20.4461841583,
50,,,,,,,,,,,
51,,,,,,,,,,,
51,BOWL,SUM,1,0,1,0,0,11,44,0,
51,CUP,SUM,0,0,0,0,60,11,24,32.5564930439,
51,SPOON,SUM,1,1,0,0,8,71,0,0,
51,,SUM,2,1,1,0,68,93,68,32.5564930439,
51,,,,,,,,,,,
52,,,,,,,,,,,
52,BOWL,SUM,1,0,1,0,0,28,44,0,
52,CUP,SUM,0,0,0,0,0,0,2,4.6323480606,
52,SPOON,SUM,0,0,0,0,0,4,20,13.4446179867,
52,,SUM,1,0,1,0,0,32,66,18.0769660473,
52,,,,,,,,,,,
53,,,,,,,,,,,
53,BOWL,SUM,1,0,1,0,0,8,44,0,
53,CUP,SUM,0,0,0,0,16,5,7,12.6101939678,
53,SPOON,SUM,0,0,0,0,0,2,0,10.2873198986,
53,,SUM,1,0,1,0,16,15,51,22.8975138664,
53,,,,,,,,,,,
54,,,,,,,,,,,
54,BOWL,SUM,1,0,1,0,0,341,0,0,
54,CUP,SUM,0,0,0,0,0,1,3,4.9721260071,
54,SPOON,SUM,0,0,0,0,0,3,16,12.8871209621,
54,,SUM,1,0,1,0,0,345,19,17.8592469692,
54,,,,,,,,,,,
55,,,,,,,,,,,
55,BOWL,SUM,1,0,1,0,0,24,44,0,
55,CUP,SUM,1,0,1,0,16,11,33,0,
55,SPOON,SUM,0,0,0,0,0,3,2,11.1226968765,
55,,SUM,2,0,2,0,16,38,79,11.1226968765,
55,,,,,,,,,,,
56,,,,,,,,,,,
56,BOWL,SUM,1,0,1,0,0,42,40,0,
56,CUP,SUM,0,0,0,0,0,0,9,4.9481818676,
56,SPOON,SUM,0,0,0,0,0,7,0,10.2461819649,
56,,SUM,1,0,1,0,0,49,49,15.1943638325,
56,,,,,,,,,,,
57,,,,,,,,,,,
57,BOWL,SUM,1,0,1,0,0,13,44,0,
57,CUP,SUM,0,0,0,0,8,6,8,9.9500939846,
57,SPOON,SUM,0,0,0,0,0,1,9,11.6489808559,
57,,SUM,1,0,1,0,8,20,61,21.5990748405,
57,,,,,,,,,,,
58,,,,,,,,,,,
58,BOWL,SUM,1,0,1,0,8,16,44,0,
58,CUP,SUM,0,0,0,0,32,5,18,21.36855793,
58,SPOON,SUM,0,0,0,0,0,4,22,15.7651488781,
58,,SUM,1,0,1,0,40,25,84,37.1337068081,
58,,,,,,,,,,,
59,,,,,,,,,,,
59,BOWL,SUM,0,0,0,0,0,15,17,10.7657368183,
59,CUP,SUM,1,0,0,1,0,5,36,0,
59,SPOON,SUM,0,0,0,0,14,9,34,23.7366280556,
59,,SUM,1,0,0,1,14,29,87,34.5023648739,
59,,,,,,,,,,,
60,,,,,,,,,,,
60,BOWL,SUM,0,0,0,0,8,28,3,12.7926268578,
60,CUP,SUM,1,1,0,0,88,7,0,0,
60,SPOON,SUM,1,0,1,0,0,56,40,0,
60,,SUM,2,1,1,0,96,91,43,12.7926268578,
60,,,,,,,,,,,
61,,,,,,,,,,,
61,BOWL,SUM,0,0,0,0,0,5,21,11.2028241158,
61,CUP,SUM,0,0,0,0,0,6,14,7.0317471027,
61,SPOON,SUM,0,0,0,0,0,2,0,10.2939629555,
61,,SUM,0,0,0,0,0,13,35,28.528534174,
61,,,,,,,,,,,
62,,,,,,,,,,,
62,BOWL,SUM,1,0,1,0,16,7,44,0,
62,CUP,SUM,1,0,0,1,0,3,11,0,
62,SPOON,SUM,1,0,1,0,0,13,44,0,
62,,SUM,3,0,2,1,16,23,99,0,
62,,,,,,,,,,,
63,,,,,,,,,,,
63,BOWL,SUM,0,0,0,0,0,6,37,14.1921870708,
63,CUP,SUM,1,0,0,1,0,5,17,0,
63,SPOON,SUM,0,0,0,0,0,1,7,12.4828801155,
63,,SUM,1,0,0,1,0,12,61,26.6750671864,
63,,,,,,,,,,,
64,,,,,,,,,,,
64,BOWL,SUM,0,0,0,0,0,9,50,17.8013710976,
64,CUP,SUM,0,0,0,0,0,7,14,7.0404908657,
64,SPOON,SUM,0,0,0,0,0,1,0,10.6422410011,
64,,SUM,0,0,0,0,0,17,64,35.4841029644,
64,,,,,,,,,,,
65,,,,,,,,,,,
65,BOWL,SUM,0,0,0,0,0,7,42,16.8008699417,
65,CUP,SUM,1,0,1,0,0,25,33,0,
65,SPOON,SUM,0,0,0,0,8,14,24,19.4968969822,
65,,SUM,1,0,1,0,8,46,99,36.2977669239,
65,,,,,,,,,,,
66,,,,,,,,,,,
66,BOWL,SUM,1,0,1,0,16,9,44,0,
66,CUP,SUM,0,0,0,0,0,1,13,8.4715030193,
66,SPOON,SUM,1,0,1,0,0,14,44,0,
66,,SUM,2,0,2,0,16,24,101,8.4715030193,
66,,,,,,,,,,,
67,,,,,,,,,,,
67,BOWL,SUM,0,0,0,0,0,10,14,13.3738029003,
67,CUP,SUM,0,0,0,0,16,6,16,17.3433208466,
67,SPOON,SUM,0,0,0,0,0,16,13,14.493491888,
67,,SUM,0,0,0,0,16,32,43,45.2106156349,
67,,,,,,,,,,,
68,,,,,,,,,,,
68,BOWL,SUM,0,0,0,0,0,0,5,8.5538840294,
68,CUP,SUM,0,0,0,0,0,1,5,6.1293330193,
68,SPOON,SUM,1,0,1,0,0,9,44,0,
68,,SUM,1,0,1,0,0,10,54,14.6832170486,
68,,,,,,,,,,,
69,,,,,,,,,,,
69,BOWL,SUM,1,0,0,1,8,5,11,0,
69,CUP,SUM,0,0,0,0,16,14,32,23.3946518898,
69,SPOON,SUM,0,0,0,0,0,7,19,15.6025791168,
69,,SUM,1,0,0,1,24,26,62,38.9972310066,
69,,,,,,,,,,,
70,,,,,,,,,,,
70,BOWL,SUM,0,0,0,0,0,6,17,13.3027000427,
70,CUP,SUM,1,0,1,0,0,19,11,0,
70,SPOON,SUM,0,0,0,0,0,0,1,12.5880019665,
70,,SUM,1,0,1,0,0,25,29,25.8907020092,
70,,,,,,,,,,,
71,,,,,,,,,,,
71,BOWL,SUM,1,0,1,0,0,14,44,0,
71,CUP,SUM,0,0,0,0,32,6,5,26.9268159866,
71,SPOON,SUM,0,0,0,0,0,6,6,13.432063818,
71,,SUM,1,0,1,0,32,26,55,40.3588798046,
71,,,,,,,,,,,
72,,,,,,,,,,,
72,BOWL,SUM,0,0,0,0,0,5,39,15.6998889446,
72,CUP,SUM,0,0,0,0,0,2,3,6.3949699402,
72,SPOON,SUM,1,0,1,0,0,13,44,0,
72,,SUM,1,0,1,0,0,20,86,22.0948588848,
72,,,,,,,,,,,
73,,,,,,,,,,,
73,BOWL,SUM,1,1,0,0,24,41,0,0,
73,CUP,SUM,1,0,1,0,0,15,77,0,
73,SPOON,SUM,0,0,0,0,0,9,41,19.7721829414,
73,,SUM,2,1,1,0,24,65,118,19.7721829414,
73,,,,,,,,,,,
74,,,,,,,,,,,
74,BOWL,SUM,1,0,1,0,8,20,44,0,
74,CUP,SUM,0,0,0,0,0,6,7,8.0530469418,
74,SPOON,SUM,0,0,0,0,0,6,24,17.7175290585,
74,,SUM,1,0,1,0,8,32,75,25.7705760002,
74,,,,,,,,,,,
75,,,,,,,,,,,
75,BOWL,SUM,1,0,1,0,0,12,44,0,
75,CUP,SUM,0,0,0,0,0,1,8,8.8516659737,
75,SPOON,SUM,0,0,0,0,0,2,2,13.4156200886,
75,,SUM,1,0,1,0,0,15,54,22.2672860622,
75,,,,,,,,,,,
76,,,,,,,,,,,
76,BOWL,SUM,1,0,0,1,8,1,11,0,
76,CUP,SUM,0,0,0,0,0,9,8,6.3222360611,
76,SPOON,SUM,1,0,1,0,0,9,44,0,
76,,SUM,2,0,1,1,8,19,63,6.3222360611,
76,,,,,,,,,,,
77,,,,,,,,,,,
77,BOWL,SUM,1,0,1,0,0,19,44,0,
77,CUP,SUM,0,0,0,0,0,6,5,7.5636029243,
77,SPOON,SUM,0,0,0,0,0,0,2,12.3398170471,
77,,SUM,1,0,1,0,0,25,51,19.9034199715,
77,,,,,,,,,,,
78,,,,,,,,,,,
78,BOWL,SUM,1,0,0,1,0,16,19,0,
78,CUP,SUM,0,0,0,0,0,4,11,6.5302820206,
78,SPOON,SUM,0,0,0,0,0,4,20,15.7602770329,
78,,SUM,1,0,0,1,0,24,50,22.2905590534,
78,,,,,,,,,,,
79,,,,,,,,,,,
79,BOWL,SUM,1,0,1,0,0,15,44,0,
79,CUP,SUM,0,0,0,0,8,1,23,13.3667681217,
79,SPOON,SUM,0,0,0,0,0,5,1,12.1156349182,
79,,SUM,1,0,1,0,8,21,68,25.4824030399,
79,,,,,,,,,,,
80,,,,,,,,,,,
80,BOWL,SUM,1,0,1,0,0,12,44,0,
80,CUP,SUM,1,0,1,0,8,13,77,0,
80,SPOON,SUM,0,0,0,0,0,6,44,20.4522180557,
80,,SUM,2,0,2,0,8,31,165,20.4522180557,
80,,,,,,,,,,,
81,,,,,,,,,,,
81,BOWL,SUM,0,0,0,0,8,5,5,15.7806241512,
81,CUP,SUM,1,0,1,0,8,7,33,0,
81,SPOON,SUM,0,0,0,0,4,3,17,17.670552969,
81,,SUM,1,0,1,0,20,15,55,33.4511771202,
81,,,,,,,,,,,
82,,,,,,,,,,,
82,BOWL,SUM,1,0,1,0,0,37,40,0,
82,CUP,SUM,0,0,0,0,8,2,10,14.8335299492,
82,SPOON,SUM,0,0,0,0,0,2,6,15.0019922256,
82,,SUM,1,0,1,0,8,41,56,29.8355221748,
82,,,,,,,,,,,
83,,,,,,,,,,,
83,BOWL,SUM,0,0,0,0,12,5,21,21.1763129234,
83,CUP,SUM,1,1,0,0,8,27,0,0,
83,SPOON,SUM,0,0,0,0,0,5,2,11.7200109959,
83,,SUM,1,1,0,0,20,37,23,32.8963239193,
83,,,,,,,,,,,
84,,,,,,,,,,,
84,BOWL,SUM,0,0,0,0,0,1,16,12.4908030033,
84,CUP,SUM,0,0,0,0,0,0,6,5.8719360828,
84,SPOON,SUM,0,0,0,0,0,5,0,11.4793810844,
84,,SUM,0,0,0,0,0,6,22,29.8421201706,
84,,,,,,,,,,,
85,,,,,,,,,,,
85,BOWL,SUM,1,0,0,1,8,2,15,0,
85,CUP,SUM,1,0,1,0,0,14,77,0,
85,SPOON,SUM,1,0,1,0,0,341,0,0,
85,,SUM,3,0,2,1,8,357,92,0,
85,,,,,,,,,,,
86,,,,,,,,,,,
86,BOWL,SUM,0,0,0,0,0,2,11,9.8810679913,
86,CUP,SUM,1,0,1,0,24,21,17,0,
86,SPOON,SUM,0,0,0,0,8,16,2,17.6317398548,
86,,SUM,1,0,1,0,32,39,30,27.5128078461,
86,,,,,,,,,,,
87,,,,,,,,,,,
87,BOWL,SUM,1,1,0,0,16,40,0,0,
87,CUP,SUM,0,0,0,0,0,5,17,8.2259118557,
87,SPOON,SUM,0,0,0,0,40,9,7,37.3156759739,
87,,SUM,1,1,0,0,56,54,24,45.5415878296,
87,,,,,,,,,,,
88,,,,,,,,,,,
88,BOWL,SUM,0,0,0,0,0,9,9,12.142663002,
88,CUP,SUM,0,0,0,0,0,1,6,6.2985889912,
88,SPOON,SUM,0,0,0,0,64,7,12,52.8196129799,
88,,SUM,0,0,0,0,64,17,27,71.2608649731,
88,,,,,,,,,,,
89,,,,,,,,,,,
89,BOWL,SUM,0,0,0,0,0,16,37,16.5440459251,
89,CUP,SUM,1,0,0,1,0,1,17,0,
89,SPOON,SUM,0,0,0,0,16,0,1,24.4949471951,
89,,SUM,1,0,0,1,16,17,55,41.0389931202,
89,,,,,,,,,,,
90,,,,,,,,,,,
90,BOWL,SUM,0,0,0,0,0,3,5,11.7328238487,
90,CUP,SUM,0,0,0,0,0,17,12,11.0472819805,
90,SPOON,SUM,1,0,1,0,8,20,44,0,
90,,SUM,1,0,1,0,8,40,61,22.7801058292,
90,,,,,,,,,,,
91,,,,,,,,,,,
91,BOWL,SUM,0,0,0,0,0,13,41,16.8758180141,
91,CUP,SUM,0,0,0,0,16,51,10,33.8195250034,
91,SPOON,SUM,0,0,0,0,0,2,5,13.7576839924,
91,,SUM,0,0,0,0,16,66,56,64.45302701,
91,,,,,,,,,,,
92,,,,,,,,,,,
92,BOWL,SUM,1,0,1,0,0,13,44,0,
92,CUP,SUM,1,0,1,0,16,8,11,0,
92,SPOON,SUM,0,0,0,0,0,10,17,15.3774459362,
92,,SUM,2,0,2,0,16,31,72,15.3774459362,
92,,,,,,,,,,,
93,,,,,,,,,,,
93,BOWL,SUM,0,0,0,0,0,3,8,12.3671450615,
93,CUP,SUM,0,0,0,0,0,13,6,8.6578369141,
93,SPOON,SUM,0,0,0,0,8,3,18,20.6980750561,
93,,SUM,0,0,0,0,8,19,32,41.7230570316,
93,,,,,,,,,,,
94,,,,,,,,,,,
94,BOWL,SUM,0,0,0,0,0,2,3,9.5711569786,
94,CUP,SUM,1,0,1,0,8,9,33,0,
94,SPOON,SUM,0,0,0,0,16,1,1,24.3515269756,
94,,SUM,1,0,1,0,24,12,37,33.9226839542,
94,,,,,,,,,,,
95,,,,,,,,,,,
95,BOWL,SUM,0,0,0,0,0,4,31,16.805629015,
95,CUP,SUM,1,0,1,0,0,27,33,0,
95,SPOON,SUM,0,0,0,0,0,7,24,16.2626509666,
95,,SUM,1,0,1,0,0,38,88,33.0682799816,
95,,,,,,,,,,,
96,,,,,,,,,,,
96,BOWL,SUM,1,0,1,0,0,12,44,0,
96,CUP,SUM,0,0,0,0,16,1,7,17.8180291653,
96,SPOON,SUM,0,0,0,0,0,1,0,11.880510807,
96,,SUM,1,0,1,0,16,14,51,29.6985399723,
96,,,,,,,,,,,
97,,,,,,,,,,,
97,BOWL,SUM,0,0,0,0,0,1,1,8.7802970409,
97,CUP,SUM,0,0,0,0,0,6,25,12.5315921307,
97,SPOON,SUM,1,1,0,0,0,42,0,0,
97,,SUM,1,1,0,0,0,49,26,21.3118891716,
97,,,,,,,,,,,
98,,,,,,,,,,,
98,BOWL,SUM,0,0,0,0,0,4,13,9.7245550156,
98,CUP,SUM,0,0,0,0,0,2,2,6.2576959133,
98,SPOON,SUM,1,0,1,0,0,27,44,0,
98,,SUM,1,0,1,0,0,33,59,15.9822509289,
98,,,,,,,,,,,
99,,,,,,,,,,,
99,BOWL,SUM,1,0,1,0,0,27,44,0,
99,CUP,SUM,1,0,1,0,8,12,73,0,
99,SPOON,SUM,0,0,0,0,0,4,17,13.7426280975,
99,,SUM,2,0,2,0,8,43,134,13.7426280975,
99,,,,,,,,,,,
100,,,,,,,,,,,
100,BOWL,SUM,0,0,0,0,0,3,20,11.8010160923,
100,CUP,SUM,1,0,1,0,0,7,11,0,
100,SPOON,SUM,0,0,0,0,16,6,1,24.7989139557,
100,,SUM,1,0,1,0,16,16,32,36.599930048,
100,,,,,,,,,,,
101,,,,,,,,,,,
101,BOWL,SUM,1,0,0,1,0,12,19,0,
101,CUP,SUM,1,0,1,0,0,56,70,0,
101,SPOON,SUM,0,0,0,0,0,3,8,11.4359250069,
101,,SUM,2,0,1,1,0,71,97,11.4359250069,
101,,,,,,,,,,,
102,,,,,,,,,,,
102,BOWL,SUM,1,0,1,0,0,81,40,0,
102,CUP,SUM,1,0,1,0,0,15,11,0,
102,SPOON,SUM,0,0,0,0,0,2,1,10.3460469246,
102,,SUM,2,0,2,0,0,98,52,10.3460469246,
102,,,,,,,,,,,
103,,,,,,,,,,,
103,BOWL,SUM,1,0,0,1,16,10,11,0,
103,CUP,SUM,0,0,0,0,0,2,8,6.3846328259,
103,SPOON,SUM,0,0,0,0,0,11,1,9.9385490417,
103,,SUM,1,0,0,1,16,23,20,16.3231818676,
103,,,,,,,,,,,
104,,,,,,,,,,,
104,BOWL,SUM,1,0,1,0,0,39,44,0,
104,CUP,SUM,1,0,1,0,8,29,11,0,
104,SPOON,SUM,0,0,0,0,0,1,5,10.4719629288,
104,,SUM,2,0,2,0,8,69,60,10.4719629288,
104,,,,,,,,,,,
105,,,,,,,,,,,
105,BOWL,SUM,0,0,0,0,0,1,4,7.6709680557,
105,CUP,SUM,0,0,0,0,0,2,7,6.2186059952,
105,SPOON,SUM,1,0,1,0,0,343,0,0,
105,,SUM,1,0,1,0,0,346,11,13.8895740509,
105,,,,,,,,,,,
106,,,,,,,,,,,
106,BOWL,SUM,1,0,1,0,0,14,44,0,
106,CUP,SUM,0,0,0,0,0,3,4,4.4082040787,
106,SPOON,SUM,1,0,1,0,0,13,44,0,
106,,SUM,2,0,2,0,0,30,92,4.4082040787,
106,,,,,,,,,,,
107,,,,,,,,,,,
107,BOWL,SUM,1,0,1,0,0,8,44,0,
107,CUP,SUM,0,0,0,0,0,0,9,4.7959961891,
107,SPOON,SUM,1,0,1,0,0,21,44,0,
107,,SUM,2,0,2,0,0,29,97,4.7959961891,
107,,,,,,,,,,,
108,,,,,,,,,,,
108,BOWL,SUM,0,0,0,0,0,4,12,9.5334329605,
108,CUP,SUM,0,0,0,0,0,8,22,8.4405250549,
108,SPOON,SUM,0,0,0,0,0,2,1,9.9288349152,
108,,SUM,0,0,0,0,0,14,35,27.9027929306,
108,,,,,,,,,,,
109,,,,,,,,,,,
109,BOWL,SUM,0,0,0,0,0,9,20,10.1935310364,
109,CUP,SUM,0,0,0,0,0,4,9,5.6742899418,
109,SPOON,SUM,0,0,0,0,0,6,2,10.6187880039,
109,,SUM,0,0,0,0,0,19,31,26.4866089821,
109,,,,,,,,,,,
110,,,,,,,,,,,
110,BOWL,SUM,1,0,1,0,0,5,44,0,
110,CUP,SUM,0,0,0,0,0,0,8,6.6443140507,
110,SPOON,SUM,0,0,0,0,0,14,3,11.3886129856,
110,,SUM,1,0,1,0,0,19,55,18.0329270363,
110,,,,,,,,,,,
111,,,,,,,,,,,
111,BOWL,SUM,1,0,1,0,0,21,44,0,
111,CUP,SUM,1,1,0,0,24,40,0,0,
111,SPOON,SUM,1,0,1,0,0,10,44,0,
111,,SUM,3,1,2,0,24,71,88,0,
111,,,,,,,,,,,
112,,,,,,,,,,,
112,BOWL,SUM,0,0,0,0,0,8,2,7.2476820946,
112,CUP,SUM,0,0,0,0,0,2,6,5.13134408,
112,SPOON,SUM,0,0,0,0,0,5,1,9.9607899189,
112,,SUM,0,0,0,0,0,15,9,22.3398160934,
112,,,,,,,,,,,
113,,,,,,,,,,,
113,BOWL,SUM,1,0,1,0,0,15,44,0,
113,CUP,SUM,1,0,1,0,8,5,49,0,
113,SPOON,SUM,0,0,0,0,0,7,31,16.161452055,
113,,SUM,2,0,2,0,8,27,124,16.161452055,
113,,,,,,,,,,,
114,,,,,,,,,,,
114,BOWL,SUM,1,0,1,0,8,26,44,0,
114,CUP,SUM,0,0,0,0,16,2,5,12.0059139729,
114,SPOON,SUM,1,0,1,0,0,14,44,0,
114,,SUM,2,0,2,0,24,42,93,12.0059139729,
114,,,,,,,,,,,
115,,,,,,,,,,,
115,BOWL,SUM,0,0,0,0,24,10,29,21.0402109623,
115,CUP,SUM,1,0,1,0,0,9,33,0,
115,SPOON,SUM,1,0,1,0,0,10,44,0,
115,,SUM,2,0,2,0,24,29,106,21.0402109623,
115,,,,,,,,,,,
116,,,,,,,,,,,
116,BOWL,SUM,1,0,1,0,0,24,44,0,
116,CUP,SUM,0,0,0,0,0,0,38,10.7499389648,
116,SPOON,SUM,0,0,0,0,0,1,0,9.9788239002,
116,,SUM,1,0,1,0,0,25,82,20.7287628651,
116,,,,,,,,,,,
117,,,,,,,,,,,
117,BOWL,SUM,1,0,1,0,0,42,40,0,
117,CUP,SUM,0,0,0,0,0,5,3,4.9641079903,
117,SPOON,SUM,0,0,0,0,0,5,0,9.9034800529,
117,,SUM,1,0,1,0,0,52,43,14.8675880432,
117,,,,,,,,,,,
118,,,,,,,,,,,
118,BOWL,SUM,1,1,0,0,96,9,0,0,
118,CUP,SUM,1,0,1,0,0,12,33,0,
118,SPOON,SUM,0,0,0,0,0,4,4,10.6765151024,
118,,SUM,2,1,1,0,96,25,37,10.6765151024,
118,,,,,,,,,,,
119,,,,,,,,,,,
119,BOWL,SUM,1,0,1,0,0,15,44,0,
119,CUP,SUM,0,0,0,0,0,14,6,5.4586949348,
119,SPOON,SUM,0,0,0,0,8,3,9,16.0127439499,
119,,SUM,1,0,1,0,8,32,59,21.4714388847,
119,,,,,,,,,,,
120,,,,,,,,,,,
120,BOWL,SUM,1,0,1,0,0,6,44,0,
120,CUP,SUM,0,0,0,0,0,1,8,6.1562922001,
120,SPOON,SUM,1,0,1,0,0,34,44,0,
120,,SUM,2,0,2,0,0,41,96,6.1562922001,
120,,,,,,,,,,,
121,,,,,,,,,,,
121,BOWL,SUM,1,0,0,1,8,25,47,0,
121,CUP,SUM,0,0,0,0,0,7,29,8.6942539215,
121,SPOON,SUM,0,0,0,0,32,7,0,22.842648983,
121,,SUM,1,0,0,1,40,39,76,31.5369029045,
121,,,,,,,,,,,
122,,,,,,,,,,,
122,BOWL,SUM,1,0,1,0,32,9,44,0,
122,CUP,SUM,1,0,1,0,0,41,30,0,
122,SPOON,SUM,0,0,0,0,0,2,0,10.0144908428,
122,,SUM,2,0,2,0,32,52,74,10.0144908428,
122,,,,,,,,,,,
123,,,,,,,,,,,
123,BOWL,SUM,1,0,1,0,8,36,40,0,
123,CUP,SUM,0,0,0,0,0,0,6,4.5151400566,
123,SPOON,SUM,0,0,0,0,0,1,0,9.7148361206,
123,,SUM,1,0,1,0,8,37,46,14.2299761772,
123,,,,,,,,,,,
124,,,,,,,,,,,
124,BOWL,SUM,1,0,0,1,0,2,19,0,
124,CUP,SUM,1,0,1,0,0,36,11,0,
124,SPOON,SUM,0,0,0,0,0,0,4,10.4653279781,
124,,SUM,2,0,1,1,0,38,34,10.4653279781,
124,,,,,,,,,,,
125,,,,,,,,,,,
125,BOWL,SUM,0,0,0,0,0,5,37,13.6137499809,
125,CUP,SUM,1,0,1,0,0,20,33,0,
125,SPOON,SUM,0,0,0,0,0,6,28,15.4622981548,
125,,SUM,1,0,1,0,0,31,98,29.0760481358,
125,,,,,,,,,,,
126,,,,,,,,,,,
126,BOWL,SUM,1,0,1,0,0,23,44,0,
126,CUP,SUM,0,0,0,0,0,7,10,8.4861087799,
126,SPOON,SUM,0,0,0,0,0,0,6,11.4946870804,
126,,SUM,1,0,1,0,0,30,60,19.9807958603,
126,,,,,,,,,,,
127,,,,,,,,,,,
127,BOWL,SUM,1,0,1,0,0,14,44,0,
127,CUP,SUM,0,0,0,0,0,1,4,5.0686948299,
127,SPOON,SUM,1,0,1,0,0,10,44,0,
127,,SUM,2,0,2,0,0,25,92,5.0686948299,
127,,,,,,,,,,,
128,,,,,,,,,,,
128,BOWL,SUM,1,0,0,1,0,3,11,0,
128,CUP,SUM,1,0,1,0,0,20,11,0,
128,SPOON,SUM,0,0,0,0,8,1,0,14.1841220856,
128,,SUM,2,0,1,1,8,24,22,14.1841220856,
128,,,,,,,,,,,
129,,,,,,,,,,,
129,BOWL,SUM,1,0,1,0,0,10,44,0,
129,CUP,SUM,1,0,1,0,8,10,81,0,
129,SPOON,SUM,1,0,1,0,0,6,44,0,
129,,SUM,3,0,3,0,8,26,169,0,
129,,,,,,,,,,,
130,,,,,,,,,,,
130,BOWL,SUM,0,0,0,0,0,0,4,8.6438801289,
130,CUP,SUM,0,0,0,0,0,10,6,5.2915380001,
130,SPOON,SUM,0,0,0,0,0,3,11,13.3512639999,
130,,SUM,0,0,0,0,0,13,21,27.2866821289,
130,,,,,,,,,,,
131,,,,,,,,,,,
131,BOWL,SUM,0,0,0,0,8,5,40,20.4245080948,
131,CUP,SUM,1,0,1,0,0,72,45,0,
131,SPOON,SUM,0,0,0,0,0,2,24,15.6421468258,
131,,SUM,1,0,1,0,8,79,109,36.0666549206,
131,,,,,,,,,,,
132,,,,,,,,,,,
132,BOWL,SUM,0,0,0,0,0,17,26,13.43572402,
132,CUP,SUM,0,0,0,0,16,7,7,14.698168993,
132,SPOON,SUM,1,0,1,0,0,10,44,0,
132,,SUM,1,0,1,0,16,34,77,28.133893013,
132,,,,,,,,,,,
133,,,,,,,,,,,
133,BOWL,,,,,,,,,,
133,CUP,BOWL,SUM,0,0,0,0,0,3,20,11.8010160923
133,SPOON,CUP,SUM,1,0,1,0,0,7,11,0
133,,SPOON,SUM,0,0,0,0,16,6,1,24.7989139557
133,,,SUM,1,0,1,0,16,16,32,36.599930048
134,,,,,,,,,,,
134,BOWL,SUM,0,0,0,0,0,11,10,9.5188651085,
134,CUP,SUM,0,0,0,0,0,1,7,7.6647639275,
134,SPOON,SUM,0,0,0,0,16,6,4,19.6616859436,
134,,SUM,0,0,0,0,16,18,21,36.8453149796,
134,,,,,,,,,,,
135,,,,,,,,,,,
135,BOWL,SUM,1,0,0,1,8,2,13,0,
135,CUP,SUM,1,0,1,0,8,16,33,0,
135,SPOON,SUM,0,0,0,0,0,0,1,11.9704418182,
135,,SUM,2,0,1,1,16,18,47,11.9704418182,
135,,,,,,,,,,,
136,,,,,,,,,,,
136,BOWL,SUM,1,0,1,0,0,26,44,0,
136,CUP,SUM,0,0,0,0,0,0,3,7.1904070377,
136,SPOON,SUM,1,0,1,0,0,11,44,0,
136,,SUM,2,0,2,0,0,37,91,7.1904070377,
136,,,,,,,,,,,
137,,,,,,,,,,,
137,BOWL,SUM,1,0,1,0,4,8,44,0,
137,CUP,SUM,0,0,0,0,0,2,6,5.923648119,
137,SPOON,SUM,1,0,1,0,16,8,44,0,
137,,SUM,2,0,2,0,20,18,94,5.923648119,
137,,,,,,,,,,,
138,,,,,,,,,,,
138,BOWL,SUM,1,0,1,0,0,10,44,0,
138,CUP,SUM,0,0,0,0,24,4,11,23.4751749039,
138,SPOON,SUM,1,0,1,0,0,15,44,0,
138,,SUM,2,0,2,0,24,29,99,23.4751749039,
138,,,,,,,,,,,
139,,,,,,,,,,,
139,BOWL,SUM,1,0,0,1,0,4,11,0,
139,CUP,SUM,0,0,0,0,8,64,12,36.9832060337,
139,SPOON,SUM,0,0,0,0,0,2,4,12.1681649685,
139,,SUM,1,0,0,1,8,70,27,49.1513710022,
139,,,,,,,,,,,
140,,,,,,,,,,,
140,BOWL,SUM,0,0,0,0,0,3,18,11.8182878494,
140,CUP,SUM,0,0,0,0,16,3,4,16.7213029861,
140,SPOON,SUM,1,1,0,0,8,71,0,0,
140,,SUM,1,1,0,0,24,77,22,28.5395908356,
140,,,,,,,,,,,
141,,,,,,,,,,,
141,BOWL,SUM,0,0,0,0,8,9,13,15.1042940617,
141,CUP,SUM,1,0,1,0,12,13,11,0,
141,SPOON,SUM,0,0,0,0,48,6,12,43.8079309464,
141,,SUM,1,0,1,0,68,28,36,58.912225008,
141,,,,,,,,,,,
142,,,,,,,,,,,
142,BOWL,SUM,1,0,0,1,32,9,11,0,
142,CUP,SUM,0,0,0,0,0,0,4,6.2575290203,
142,SPOON,SUM,1,0,1,0,8,14,44,0,
142,,SUM,2,0,1,1,40,23,59,6.2575290203,
142,,,,,,,,,,,
143,,,,,,,,,,,
143,BOWL,SUM,1,0,1,0,0,12,44,0,
143,CUP,SUM,0,0,0,0,0,0,6,5.9623861313,
143,SPOON,SUM,0,0,0,0,0,17,16,15.0095448494,
143,,SUM,1,0,1,0,0,29,66,20.9719309807,
143,,,,,,,,,,,
144,,,,,,,,,,,
144,BOWL,SUM,1,0,0,1,16,4,11,0,
144,CUP,SUM,0,0,0,0,0,3,9,8.5464868546,
144,SPOON,SUM,1,0,1,0,0,24,44,0,
144,,SUM,2,0,1,1,16,31,64,8.5464868546,
144,,,,,,,,,,,
145,,,,,,,,,,,
145,BOWL,SUM,0,0,0,0,0,0,8,11.432997942,
145,CUP,SUM,0,0,0,0,0,3,4,6.0902090073,
145,SPOON,SUM,1,0,1,0,0,157,24,0,
145,,SUM,1,0,1,0,0,160,36,17.5232069492,
145,,,,,,,,,,,
146,,,,,,,,,,,
146,BOWL,SUM,1,0,0,1,0,2,11,0,
146,CUP,SUM,1,1,0,0,8,71,0,0,
146,SPOON,SUM,1,0,1,0,56,13,44,0,
146,,SUM,3,1,1,1,64,86,55,0,
146,,,,,,,,,,,
147,,,,,,,,,,,
147,BOWL,SUM,1,0,1,0,0,26,44,0,
147,CUP,SUM,1,0,1,0,8,13,43,0,
147,SPOON,SUM,0,0,0,0,0,1,8,13.0368509293,
147,,SUM,2,0,2,0,8,40,95,13.0368509293,
147,,,,,,,,,,,
148,,,,,,,,,,,
148,BOWL,SUM,1,0,1,0,0,4,44,0,
148,CUP,SUM,1,0,1,0,0,10,33,0,
148,SPOON,SUM,1,1,0,0,8,41,0,0,
148,,SUM,3,1,2,0,8,55,77,0,
148,,,,,,,,,,,
149,,,,,,,,,,,
149,BOWL,SUM,0,0,0,0,0,2,14,11.6629359722,
149,CUP,SUM,0,0,0,0,0,3,28,11.6526257992,
149,SPOON,SUM,1,0,1,0,0,18,44,0,
149,,SUM,1,0,1,0,0,23,86,23.3155617714,
149,,,,,,,,,,,
150,,,,,,,,,,,
150,BOWL,SUM,1,0,1,0,8,9,44,0,
150,CUP,SUM,0,0,0,0,0,0,6,6.8687500954,
150,SPOON,SUM,0,0,0,0,0,7,29,17.9745469093,
150,,SUM,1,0,1,0,8,16,79,24.8432970047,
150,,,,,,,,,,,
151,,,,,,,,,,,
151,BOWL,SUM,1,0,1,0,0,11,44,0,
151,CUP,SUM,0,0,0,0,60,11,24,44.5633671284,
151,SPOON,SUM,1,1,0,0,8,71,0,0,
151,,SUM,2,1,1,0,68,93,68,44.5633671284,
151,,,,,,,,,,,
152,,,,,,,,,,,
152,BOWL,SUM,1,0,1,0,0,28,44,0,
152,CUP,SUM,0,0,0,0,0,0,2,5.480312109,
152,SPOON,SUM,0,0,0,0,0,4,20,15.8566520214,
152,,SUM,1,0,1,0,0,32,66,21.3369641304,
152,,,,,,,,,,,
153,,,,,,,,,,,
153,BOWL,SUM,1,0,1,0,0,8,44,0,
153,CUP,SUM,0,0,0,0,16,5,7,17.0104131699,
153,SPOON,SUM,0,0,0,0,0,2,0,10.861438036,
153,,SUM,1,0,1,0,16,15,51,27.8718512058,
153,,,,,,,,,,,
154,,,,,,,,,,,
154,BOWL,SUM,1,0,1,0,0,341,0,0,
154,CUP,SUM,0,0,0,0,0,1,3,6.3119931221,
154,SPOON,SUM,0,0,0,0,0,3,16,15.1821382046,
154,,SUM,1,0,1,0,0,345,19,21.4941313267,
154,,,,,,,,,,,
155,,,,,,,,,,,
155,BOWL,SUM,1,0,1,0,0,24,44,0,
155,CUP,SUM,1,0,1,0,16,11,33,0,
155,SPOON,SUM,0,0,0,0,0,3,2,12.6849770546,
155,,SUM,2,0,2,0,16,38,79,12.6849770546,
155,,,,,,,,,,,
156,,,,,,,,,,,
156,BOWL,SUM,1,0,1,0,0,42,40,0,
156,CUP,SUM,0,0,0,0,0,0,9,6.7622821331,
156,SPOON,SUM,0,0,0,0,0,7,0,11.763199091,
156,,SUM,1,0,1,0,0,49,49,18.5254812241,
156,,,,,,,,,,,
157,,,,,,,,,,,
157,BOWL,SUM,1,0,1,0,0,13,44,0,
157,CUP,SUM,0,0,0,0,8,6,8,13.2593421936,
157,SPOON,SUM,0,0,0,0,0,1,9,14.0687110424,
157,,SUM,1,0,1,0,8,20,61,27.328053236,
157,,,,,,,,,,,
158,,,,,,,,,,,
158,BOWL,SUM,1,0,1,0,8,16,44,0,
158,CUP,SUM,0,0,0,0,32,5,18,31.896447897,
158,SPOON,SUM,0,0,0,0,0,4,22,17.0525698662,
158,,SUM,1,0,1,0,40,25,84,48.9490177631,
158,,,,,,,,,,,
159,,,,,,,,,,,
159,BOWL,SUM,0,0,0,0,0,15,17,11.7529029846,
159,CUP,SUM,1,0,0,1,0,5,36,0,
159,SPOON,SUM,0,0,0,0,14,9,34,27.2936820984,
159,,SUM,1,0,0,1,14,29,87,39.046585083,
159,,,,,,,,,,,
160,,,,,,,,,,,
160,BOWL,SUM,0,0,0,0,8,28,3,16.12439394,
160,CUP,SUM,1,1,0,0,88,7,0,0,
160,SPOON,SUM,1,0,1,0,0,56,40,0,
160,,SUM,2,1,1,0,96,91,43,16.12439394,
160,,,,,,,,,,,
161,,,,,,,,,,,
161,BOWL,SUM,0,0,0,0,0,5,21,12.1083211899,
161,CUP,SUM,0,0,0,0,0,6,14,7.321873188,
161,SPOON,SUM,0,0,0,0,0,2,0,10.8815219402,
161,,SUM,0,0,0,0,0,13,35,30.3117163181,
161,,,,,,,,,,,
162,,,,,,,,,,,
162,BOWL,SUM,1,0,1,0,16,7,44,0,
162,CUP,SUM,1,0,0,1,0,3,11,0,
162,SPOON,SUM,1,0,1,0,0,13,44,0,
162,,SUM,3,0,2,1,16,23,99,0,
162,,,,,,,,,,,
163,,,,,,,,,,,
163,BOWL,SUM,0,0,0,0,0,6,37,15.5653710365,
163,CUP,SUM,1,0,0,1,0,5,17,0,
163,SPOON,SUM,0,0,0,0,0,1,7,13.0041890144,
163,,SUM,1,0,0,1,0,12,61,28.569560051,
163,,,,,,,,,,,
164,,,,,,,,,,,
164,BOWL,SUM,0,0,0,0,0,9,50,18.9871940613,
164,CUP,SUM,0,0,0,0,0,7,14,8.2136371136,
164,SPOON,SUM,0,0,0,0,0,1,0,11.0881400108,
164,,SUM,0,0,0,0,0,17,64,38.2889711857,
164,,,,,,,,,,,
165,,,,,,,,,,,
165,BOWL,SUM,0,0,0,0,0,7,42,18.5211920738,
165,CUP,SUM,1,0,1,0,0,25,33,0,
165,SPOON,SUM,0,0,0,0,8,14,24,21.5657382011,
165,,SUM,1,0,1,0,8,46,99,40.086930275,
165,,,,,,,,,,,
166,,,,,,,,,,,
166,BOWL,SUM,1,0,1,0,16,9,44,0,
166,CUP,SUM,0,0,0,0,0,1,13,8.9795269966,
166,SPOON,SUM,1,0,1,0,0,14,44,0,
166,,SUM,2,0,2,0,16,24,101,8.9795269966,
166,,,,,,,,,,,
167,,,,,,,,,,,
167,BOWL,SUM,0,0,0,0,0,10,14,15.3389379978,
167,CUP,SUM,0,0,0,0,16,6,16,22.1768651009,
167,SPOON,SUM,0,0,0,0,0,11,4,12.492866993,
167,,SUM,0,0,0,0,16,27,34,50.0086700916,
167,,,,,,,,,,,
168,,,,,,,,,,,
168,BOWL,SUM,0,0,0,0,0,0,1,8.3621249199,
168,CUP,SUM,1,0,1,0,0,4,33,0,
168,SPOON,SUM,1,0,1,0,0,13,44,0,
168,,SUM,2,0,2,0,0,17,78,8.3621249199,
168,,,,,,,,,,,
169,,,,,,,,,,,
169,BOWL,SUM,1,0,0,1,8,12,23,0,
169,CUP,SUM,1,0,1,0,24,27,77,0,
169,SPOON,SUM,0,0,0,0,0,2,0,10.2206320763,
169,,SUM,2,0,1,1,32,41,100,10.2206320763,
169,,,,,,,,,,,
170,,,,,,,,,,,
170,BOWL,SUM,0,0,0,0,20,0,6,22.3981318474,
170,CUP,SUM,0,0,0,0,0,7,2,5.4617760181,
170,SPOON,SUM,0,0,0,0,0,0,10,14.7321579456,
170,,SUM,0,0,0,0,20,7,18,42.5920658112,
170,,,,,,,,,,,
171,,,,,,,,,,,
171,BOWL,SUM,1,0,1,0,0,14,44,0,
171,CUP,SUM,0,0,0,0,16,3,12,18.2048490047,
171,SPOON,SUM,0,0,0,0,0,0,0,11.387693882,
171,,SUM,1,0,1,0,16,17,56,29.5925428867,
171,,,,,,,,,,,
172,,,,,,,,,,,
172,BOWL,SUM,0,0,0,0,16,6,1,18.9545619488,
172,CUP,SUM,0,0,0,0,16,2,5,16.498800993,
172,SPOON,SUM,1,0,1,0,0,21,44,0,
172,,SUM,1,0,1,0,32,29,50,35.4533629417,
172,,,,,,,,,,,
173,,,,,,,,,,,
173,BOWL,SUM,0,0,0,0,8,2,6,15.099834919,
173,CUP,SUM,1,0,1,0,0,13,77,0,
173,SPOON,SUM,0,0,0,0,0,3,0,11.2342867851,
173,,SUM,1,0,1,0,8,18,83,26.3341217041,
173,,,,,,,,,,,
174,,,,,,,,,,,
174,BOWL,SUM,1,0,1,0,0,16,44,0,
174,CUP,SUM,0,0,0,0,0,5,10,8.7305181026,
174,SPOON,SUM,0,0,0,0,0,3,10,14.4291517735,
174,,SUM,1,0,1,0,0,24,64,23.1596698761,
174,,,,,,,,,,,
175,,,,,,,,,,,
175,BOWL,SUM,0,0,0,0,8,10,13,18.8611459732,
175,CUP,SUM,1,0,1,0,0,15,39,0,
175,SPOON,SUM,0,0,0,0,8,6,17,19.5398159027,
175,,SUM,1,0,1,0,16,31,69,38.4009618759,
175,,,,,,,,,,,
176,,,,,,,,,,,
176,BOWL,SUM,0,0,0,0,0,0,4,10.1839029789,
176,CUP,SUM,0,0,0,0,0,0,3,7.5769870281,
176,SPOON,SUM,1,0,1,0,8,12,44,0,
176,,SUM,1,0,1,0,8,12,51,17.760890007,
176,,,,,,,,,,,
177,,,,,,,,,,,
177,BOWL,SUM,1,0,1,0,8,10,44,0,
177,CUP,SUM,0,0,0,0,0,3,12,7.454474926,
177,SPOON,SUM,0,0,0,0,0,0,1,10.6336429119,
177,,SUM,1,0,1,0,8,13,57,18.0881178379,
177,,,,,,,,,,,
178,,,,,,,,,,,
178,BOWL,SUM,0,0,0,0,0,0,2,9.6163320541,
178,CUP,SUM,1,0,1,0,8,15,11,0,
178,SPOON,SUM,0,0,0,0,0,13,14,15.2853200436,
178,,SUM,1,0,1,0,8,28,27,24.9016520977,
178,,,,,,,,,,,
179,,,,,,,,,,,
179,BOWL,SUM,1,0,1,0,0,19,44,0,
179,CUP,SUM,0,0,0,0,0,1,7,7.8703119755,
179,SPOON,SUM,0,0,0,0,12,3,10,21.2854120731,
179,,SUM,1,0,1,0,12,23,61,29.1557240486,
179,,,,,,,,,,,
180,,,,,,,,,,,
180,BOWL,SUM,1,0,0,1,40,8,11,0,
180,CUP,SUM,0,0,0,0,0,6,11,10.2074959278,
180,SPOON,SUM,0,0,0,0,16,2,4,21.9615950584,
180,,SUM,1,0,0,1,56,16,26,32.1690909863,
180,,,,,,,,,,,
181,,,,,,,,,,,
181,BOWL,SUM,1,0,1,0,0,19,44,0,
181,CUP,SUM,0,0,0,0,0,6,13,7.9505028725,
181,SPOON,SUM,0,0,0,0,16,1,0,22.5744860172,
181,,SUM,1,0,1,0,16,26,57,30.5249888897,
181,,,,,,,,,,,
182,,,,,,,,,,,
182,BOWL,SUM,0,0,0,0,8,3,21,19.5262699127,
182,CUP,SUM,1,0,1,0,0,10,33,0,
182,SPOON,SUM,1,0,1,0,0,25,44,0,
182,,SUM,2,0,2,0,8,38,98,19.5262699127,
182,,,,,,,,,,,
183,,,,,,,,,,,
183,BOWL,SUM,1,0,0,1,8,0,13,0,
183,CUP,SUM,0,0,0,0,0,1,2,8.4699010849,
183,SPOON,SUM,1,0,1,0,0,28,44,0,
183,,SUM,2,0,1,1,8,29,59,8.4699010849,
183,,,,,,,,,,,
184,,,,,,,,,,,
184,BOWL,SUM,1,0,1,0,0,174,24,0,
184,CUP,SUM,0,0,0,0,0,0,15,8.2353930473,
184,SPOON,SUM,0,0,0,0,0,4,5,14.0056550503,
184,,SUM,1,0,1,0,0,178,44,22.2410480976,
184,,,,,,,,,,,
185,,,,,,,,,,,
185,BOWL,SUM,1,1,0,0,96,6,0,0,
185,CUP,SUM,0,0,0,0,16,13,6,50.9591639042,
185,SPOON,SUM,1,0,1,0,0,15,44,0,
185,,SUM,2,1,1,0,112,34,50,50.9591639042,
185,,,,,,,,,,,
186,,,,,,,,,,,
186,BOWL,SUM,0,0,0,0,0,0,4,9.7632758617,
186,CUP,SUM,1,0,0,1,20,6,13,0,
186,SPOON,SUM,1,0,1,0,0,28,44,0,
186,,SUM,2,0,1,1,20,34,61,9.7632758617,
186,,,,,,,,,,,
187,,,,,,,,,,,
187,BOWL,SUM,1,0,1,0,12,10,44,0,
187,CUP,SUM,0,0,0,0,0,2,2,6.8748562336,
187,SPOON,SUM,0,0,0,0,0,1,0,11.1090378761,
187,,SUM,1,0,1,0,12,13,46,17.9838941097,
187,,,,,,,,,,,
188,,,,,,,,,,,
188,BOWL,SUM,1,0,1,0,16,15,44,0,
188,CUP,SUM,0,0,0,0,0,1,6,6.037142992,
188,SPOON,SUM,0,0,0,0,16,3,1,22.871876955,
188,,SUM,1,0,1,0,32,19,51,28.9090199471,
188,,,,,,,,,,,
189,,,,,,,,,,,
189,BOWL,SUM,0,0,0,0,0,3,0,8.9889361858,
189,CUP,SUM,0,0,0,0,0,2,12,7.1721839905,
189,SPOON,SUM,0,0,0,0,16,9,40,29.7200610638,
189,,SUM,0,0,0,0,16,14,52,45.8811812401,
189,,,,,,,,,,,
190,,,,,,,,,,,
190,BOWL,SUM,0,0,0,0,0,5,15,11.6802399158,
190,CUP,SUM,1,0,1,0,0,55,10,0,
190,SPOON,SUM,0,0,0,0,0,4,5,12.5475389957,
190,,SUM,1,0,1,0,0,64,30,24.2277789116,
190,,,,,,,,,,,
191,,,,,,,,,,,
191,BOWL,SUM,0,0,0,0,8,32,20,19.5476880074,
191,CUP,SUM,0,0,0,0,0,22,8,7.9055600166,
191,SPOON,SUM,0,0,0,0,26,3,4,28.8938138485,
191,,SUM,0,0,0,0,34,57,32,56.3470618725,
191,,,,,,,,,,,
192,,,,,,,,,,,
192,BOWL,SUM,1,0,1,0,0,12,44,0,
192,CUP,SUM,0,0,0,0,0,4,4,7.2315981388,
192,SPOON,SUM,0,0,0,0,0,1,0,11.6747610569,
192,,SUM,1,0,1,0,0,17,48,18.9063591957,
192,,,,,,,,,,,
193,,,,,,,,,,,
193,BOWL,SUM,0,0,0,0,24,4,6,25.858355999,
193,CUP,SUM,1,0,1,0,0,26,33,0,
193,SPOON,SUM,0,0,0,0,0,5,28,17.0169429779,
193,,SUM,1,0,1,0,24,35,67,42.8752989769,
193,,,,,,,,,,,
194,,,,,,,,,,,
194,BOWL,SUM,1,0,1,0,0,7,44,0,
194,CUP,SUM,0,0,0,0,0,0,2,4.9429750443,
194,SPOON,SUM,1,0,1,0,0,341,0,0,
194,,SUM,2,0,2,0,0,348,46,4.9429750443,
194,,,,,,,,,,,
195,,,,,,,,,,,
195,BOWL,SUM,0,0,0,0,0,1,8,10.3405179977,
195,CUP,SUM,1,0,1,0,0,21,33,0,
195,SPOON,SUM,1,0,1,0,0,8,44,0,
195,,SUM,2,0,2,0,0,30,85,10.3405179977,
195,,,,,,,,,,,
196,,,,,,,,,,,
196,BOWL,SUM,1,0,1,0,0,37,40,0,
196,CUP,SUM,0,0,0,0,0,5,13,11.7845001221,
196,SPOON,SUM,0,0,0,0,0,5,17,14.992718935,
196,,SUM,1,0,1,0,0,47,70,26.7772190571,
196,,,,,,,,,,,
197,,,,,,,,,,,
197,BOWL,SUM,1,0,0,1,0,6,13,0,
197,CUP,SUM,1,0,1,0,4,10,11,0,
197,SPOON,SUM,0,0,0,0,8,6,37,25.0864229202,
197,,SUM,2,0,1,1,12,22,61,25.0864229202,
197,,,,,,,,,,,
198,,,,,,,,,,,
198,BOWL,SUM,0,0,0,0,8,8,5,17.2684919834,
198,CUP,SUM,1,1,0,0,8,80,0,0,
198,SPOON,SUM,0,0,0,0,0,2,25,16.5347821712,
198,,SUM,1,1,0,0,16,90,30,33.8032741547,
198,,,,,,,,,,,
199,,,,,,,,,,,
199,BOWL,SUM,1,0,1,0,0,28,44,0,
199,CUP,SUM,0,0,0,0,0,2,5,7.9615008831,
199,SPOON,SUM,0,0,0,0,0,5,36,18.3941440582,
199,,SUM,1,0,1,0,0,35,85,26.3556449413,
199,,,,,,,,,,,
